"Created-At","From-User","From-User-Id","To-User","To-User-Id","Language","Source","Text","Geo-Location-Latitude","Geo-Location-Longitude","Retweet-Count","Id"
11/11/20 8:53 PM,"barkha dutt","19929890",,"-1","en","<a href='https://studio.twitter.com' rel='nofollow'>Twitter Media Studio</a>","'Congress wants that I should organise Mushairas, Biryani Feasts & Iftars. That is their idea of a Muslim. They're too incompetent to take on BJP'- @asadowaisi stinging rebuttal on @themojo_in to charge that he cut their votes in #Bihar. Full intvw here: https://t.co/yD0hMqThfS https://t.co/fU4fb77nfg",,,639,"1326546087973253120"
11/11/20 12:29 AM,"Anshul Saxena","318673863",,"-1","en","<a href='http://twitter.com/download/android' rel='nofollow'>Twitter for Android</a>","Bihar election:

1. Left parties contested on 29 seats and Congress contested on 70 seats. Result: Left is stronger than Congress in Bihar.

2. Owaisi's AIMIM is gradually growing in Bihar.

3. Shiv Sena lost all 22 seats & received less votes than NOTA in most constituencies.",,,1579,"1326238020710772736"
11/11/20 10:06 AM,"Sanjay Jha","50943008",,"-1","en","<a href='http://twitter.com/download/iphone' rel='nofollow'>Twitter for iPhone</a>","The Congress should stop criticising Mr Owaisi; it is a bizarre argument. His AIMIM has won 5 seats in Bihar. It is filling a vacant space. Please respect people’s verdict. Now even the Muslims are rejecting the Congress. They don’t trust it anymore. 

Smell the coffee!",,,297,"1326383221613993984"
11/14/20 4:51 AM,"News8Plus","1216824204013654016",,"-1","en","<a href='http://publicize.wp.com/' rel='nofollow'>WordPress.com</a>","To sack in Bihar too; Congress without exception https://t.co/zX4rTQabi7",,,0,"1327391221153624064"
11/14/20 4:45 AM,"Times of News","1045994888909606912",,"-1","en","<a href='http://publicize.wp.com/' rel='nofollow'>WordPress.com</a>","Post Bihar, Congress may find it difficult in bargains for seats https://t.co/725H5QJwTn",,,0,"1327389679222743041"
11/14/20 3:34 AM,"Kaushik Saha??","61544465",,"-1","en","<a href='http://twitter.com/download/android' rel='nofollow'>Twitter for Android</a>","After Bihar election: Congress leaders engage in fist fight, verbal abuse in major showdown https://t.co/tr5ma8tcIZ via OpIndia_com",,,0,"1327371678037340161"
11/14/20 3:01 AM,"Dheeraj kumar Bhardwaj","129277080","ANI","355989081","en","<a href='http://twitter.com/download/iphone' rel='nofollow'>Twitter for iPhone</a>","@ANI Listen and see the language of sadaqat echoes the walls of sadaqat ashram, HQ of Bihar congress",,,0,"1327363474905726976"
11/14/20 2:58 AM,"Rajneeti News","1262253636",,"-1","en","<a href='http://www.rajneeti.news' rel='nofollow'>Rajneeti News</a>","Rajneeti News (Bihar election proves Congress now a burden on state allies like Tejashwi Yadav)  

                    Throughout the marketing campaign, Rahul Gandhi saved asserting that China had humiliated India in ... has been published on Rajneeti News - ...",,,0,"1327362763312803846"
11/14/20 2:57 AM,"Dheeraj kumar Bhardwaj","129277080","ANI","355989081","en","<a href='http://twitter.com/download/iphone' rel='nofollow'>Twitter for iPhone</a>","@ANI Congress will break in bihar and join NDA government",,,0,"1327362510954000384"
11/14/20 2:56 AM,"News8Plus","1216824204013654016",,"-1","en","<a href='http://publicize.wp.com/' rel='nofollow'>WordPress.com</a>","To sack in Bihar too; Congress without exception https://t.co/84sLfXxnRS",,,0,"1327362322311090176"
11/14/20 2:51 AM,"indian","1318934418619203585","R1Ruhi","2650506337","en","<a href='http://twitter.com/download/android' rel='nofollow'>Twitter for Android</a>","@R1Ruhi @PriaINC @Fkhn18 @WASIMDEC @goelgauravbjp Going for booze due to ram nam satya Ho of Congress in Gujarat bihar up mp",,,0,"1327360866279321601"
11/14/20 2:45 AM,"Pehal News","1201553579309273088",,"-1","en","<a href='http://publicize.wp.com/' rel='nofollow'>WordPress.com</a>","Ajeet Sharma Appointed Congress Legislative Party Leader In Bihar https://t.co/mlDKl1jbNR",,,0,"1327359404061102081"
11/14/20 2:23 AM,"Rajneeti News","1262253636",,"-1","en","<a href='http://www.rajneeti.news' rel='nofollow'>Rajneeti News</a>","Rajneeti News (Bihar election proves Congress now a burden on state allies like Tejashwi Yadav)  

                    During the campaign, Rahul Gandhi kept asserting that China had humiliated India in Ladakh but he does ... has been published on Rajneeti News - ... https://t.co/1NOeO8CCqP",,,0,"1327353931110952962"
11/14/20 2:21 AM,"Ratnakar","803145078852161536",,"-1","en","<a href='http://twitter.com/download/android' rel='nofollow'>Twitter for Android</a>","This reporter @ZeeNews has gone mad , i guess. 
Reports congress having only 19 seats in Bihar Assembly is playing big brother in making GA Govt in Bihar ? https://t.co/E8ncKU7Tqu via @zeenews",,,0,"1327353436447199232"
11/14/20 1:47 AM,"Alchemistt MYNK","1101626972625461249","Officialneha","1086642313","en","<a href='http://twitter.com/download/android' rel='nofollow'>Twitter for Android</a>","@Officialneha Congratulations
Your father became the leader of winning members of the house in bihar assembly from Congress. Diwali gift for the family. #AjitSharma ??",,,0,"1327344839491403777"
11/14/20 1:41 AM,"Krishna Pandit","1253599624293646337",,"-1","en","<a href='https://mobile.twitter.com' rel='nofollow'>Twitter Web App</a>","How Congress Lost Bihar (and a whole lot more under Rahul) | The Deshbha... https://t.co/OxQPHYLTO3 via @YouTube 

Maza aa gya,?",,,0,"1327343287523450880"
11/14/20 1:32 AM,"Uma Kant Singh","72919562","umakantsingh_IN","72919562","en","<a href='http://twitter.com/download/android' rel='nofollow'>Twitter for Android</a>","And it was pre-planned, Chirag Paswan was to hit at Nitish Kumar, reducing JDU, Tejashwi was to be silent on Modi, making BJP Bihar gain high, dalal media was to plant helicopter wave of Tejashwi to silence Congress, Pappu Yadav,Upendra Kushwaha!",,,0,"1327341109580730368"
11/14/20 1:26 AM,"LokMarg","2412550704",,"-1","en","<a href='https://mobile.twitter.com' rel='nofollow'>Twitter Web App</a>","After Ruckus, Bihar Congress Appoints Assembly Leader 
#BiharCongress #BiharElectionResults2020 #AjitSharma #BiharCLP #BiharCongress #Congress
https://t.co/zO4LacrULR",,,0,"1327339552952832000"
11/14/20 1:08 AM,"A. S. Sabu","1277568200557789186","HarrisD63432503","1129212526783270915","en","<a href='https://mobile.twitter.com' rel='nofollow'>Twitter Web App</a>","@HarrisD63432503 @geetv79 @BhavikaKapoor5 @asmatasleem11 @Deep4IND @scrapravi @BabySingh99 @nktiwari26 @Malz59408224 @MrsYNV @BashirM98758965 @manojfaridabad @jyoti725 @siddiq_mifra Blaming AVMs apart, it's time to take a hard look at Congress itself! Allow me to quote '..with no sign of power, it's rudderless MLAs remain vulnerable to poaching attempts.' Not only Bihar,results in Gujarat, MP, UP,K'taka, Manipur-wake up calls to it's leadership-from slumber!",,,0,"1327335044386414592"
11/14/20 1:08 AM,"swaraj se badhkar kya !","984398406729850880","Soumyadipta","55806350","en","<a href='https://mobile.twitter.com' rel='nofollow'>Twitter Web App</a>","@Soumyadipta absence of opposition is dangerous- it results in creation of unexpected leaders who are supported by people out of sheer frustration... most people who blame lalu for bihar , fail to highlight what congress did to bihar in 80s .. hopefully BJP will learn , before its too late",,,0,"1327334993702502400"
11/14/20 1:03 AM,"Brijesh Rudani","1314968844214112256","indscribe","5539032","en","<a href='http://twitter.com/download/iphone' rel='nofollow'>Twitter for iPhone</a>","@indscribe @asadowaisi vote For congress or AIMIM so BJP can form Gov in Delhi like Bihar.",,,0,"1327333889476612097"
11/14/20 12:50 AM,"Sam","106371668",,"-1","en","<a href='http://twitter.com/download/iphone' rel='nofollow'>Twitter for iPhone</a>","Next MCD elections will be held in 2022. Muslims of Delhi must teach a lesson to both AAP and Congress. Show them that you are not at their mercy. Time to start working towards it. Build your ground network and structure. Bihar election results show inspire you. #DelhiMuslims",,,18,"1327330398133653506"
11/14/20 12:45 AM,"Times of News","1045994888909606912",,"-1","en","<a href='http://publicize.wp.com/' rel='nofollow'>WordPress.com</a>","Ajeet Sharma Appointed Congress Legislative Party Leader In Bihar https://t.co/GYQ33zqXpb",,,0,"1327329211711893504"
11/14/20 12:42 AM,"Prateek Singh","164582768","riksviks","164582768","en","<a href='http://twitter.com/download/iphone' rel='nofollow'>Twitter for iPhone</a>","3. Why Congress and other regional parties couldn’t shine is purely because they failed amidst pandemic.
4. Leaving dismal performance by Congress in Bihar, it’s purely loss for JDU. Shrunk vote share compensated by BJP’s good performance and could just manage to win",,,0,"1327328595312742400"
11/14/20 12:41 AM,"Ahmed Syed??? ????With Rahul Gandhi","113319038",,"-1","en","<a href='http://twitter.com/download/iphone' rel='nofollow'>Twitter for iPhone</a>","RJD is a party that carries a neutral image when it comes to religion & tolerance other than Congress.

It should expand beyond Bihar and become a nationally accepted party.",,,2,"1327328144332902400"
11/14/20 12:28 AM,"manzoor ali","77561591",,"-1","en","<a href='https://mobile.twitter.com' rel='nofollow'>Twitter Web App</a>","Why blaming Owaisi? Hay Congress! mistake is yours, If you had been build enough schools in Bihar in your 3 decades rule , they might understand who is culprits !!

#BiharElectionResults2020 
#BiharResults #Owaisi #BJPdestroysDemocracy",,,0,"1327325021115703297"
11/14/20 12:23 AM,"S. Imran Ali Hashmi","163690513",,"-1","en","<a href='https://mobile.twitter.com' rel='nofollow'>Twitter Web App</a>","BJP used ‘tikdam’ to win Bihar election

#BiharElections #BiharElections2020 #Bihar #BJP #BiggBoss14 #JDU #RJD #AIMIM #Congress https://t.co/wB5eIysTyU",,,0,"1327323775306665984"
11/14/20 12:23 AM,"??o?????? ??????????","983658447110574080","ayushsharma1993","377873571","en","<a href='http://twitter.com/download/android' rel='nofollow'>Twitter for Android</a>","@ayushsharma1993 @saraf_pankaj @Taltos2020 @Faiz_INC @shahid_siddiqui @RahulGandhi @aimim_national @srivatsayb @abhi_mor1 @SpiritOfCongres If Owaisi brothers are poison on Hindus. 

How can #KanchanDevi of Bihar get electoral ticket????

https://t.co/edAY1Ho4kr

This is enough prove bjp and congress has played defamation plot against @asadowaisi @aimim_national",,,0,"1327323717899345932"
11/14/20 12:19 AM,"???vik ?","857610206875963398","sach_n01","922391944197677059","en","<a href='http://twitter.com/download/android' rel='nofollow'>Twitter for Android</a>","@sach_n01 @PJkanojia She is a Politician,has her own party,plurals party,she contested few seats in Bihar Elections and lost 
That's why her tweet is against both BJP and congress",,,0,"1327322655775592449"
11/14/20 12:16 AM,"Pentapati Pullarao","1953457680","rahulkanwal","75509967","en","<a href='http://twitter.com/#!/download/ipad' rel='nofollow'>Twitter for iPad</a>","@rahulkanwal But you predicted win for Congress front in Bihar! @RShivshankar @republic Yu must apologise to the public for deliberately misleading them ? @Mahatma_Kodiyar  @KapilSibal  Yu don’t condemn @rssurjewala for the fiasco. @ShivAroor",,,0,"1327322013791186944"
11/14/20 12:15 AM,"ajitsinh Jagirdar ?? #We_The_Threadeans","1331523428",,"-1","en","<a href='http://twitter.com/download/android' rel='nofollow'>Twitter for Android</a>","All 'True Indians' are with Obama. Bihar voters too has proved this. Where ever @RahulGandhi did campaign, the Congress candidates lost.

Obama too is confused about making gold from potatoes and 'What is NCC?' https://t.co/276KFaEfyz",,,3,"1327321675629694977"
11/14/20 12:15 AM,"NDTV","37034483",,"-1","en","<a href='https://mobile.twitter.com' rel='nofollow'>Twitter Web App</a>","Ajeet Sharma Appointed Congress Legislative Party Leader In Bihar https://t.co/QPeIJBENnh https://t.co/XFCWCLcXUq",,,10,"1327321672622301190"
11/14/20 12:11 AM,"HamidArya","1151891139923980288","SudarshanNewsTV","824922110","en","<a href='https://mobile.twitter.com' rel='nofollow'>Twitter Web App</a>","@SudarshanNewsTV @INCIndia @adhirrcinc @RahulGandhi Congress and AdhirRanjan type chutiya shud know, muslims will always choose muslim party and islami ruled nation over secularism, no matter what u offer them,
and they shown it in Bihar election. AMIM-5 seats.
@asadowaisi is new Jinna.",,,0,"1327320763553247232"
11/13/20 11:56 PM,"TVLnews","1018548563704365056",,"-1","en","<a href='https://mobile.twitter.com' rel='nofollow'>Twitter Web App</a>","Ajeet Sharma has been appointed as Bihar Congress Legislative Party (CLP) leader: Chhattisgarh CM and Congress leader Bhupesh Baghel #BiharElections https://t.co/IcoUZDEMVY",,,0,"1327316980718653442"
11/13/20 11:55 PM,"Akash Banerjee","24338525",,"-1","en","<a href='https://mobile.twitter.com' rel='nofollow'>Twitter Web App</a>","From Bihar to TN to UP; just how many allies has the Cong. pulled down in recent state elections? Will @INCIndia ever get a plan, a leader, a system that actually works?
Listen @ApplePodcasts / @spotify / @anchor -  https://t.co/w1HvQwlwlb
Watch @YouTube - https://t.co/ccxFyrLOkj https://t.co/wrxQYk2Zp2",,,67,"1327316733833609217"
11/13/20 11:51 PM,"Latesttrendingnews.in","1237107211223969794",,"-1","en","<a href='http://publicize.wp.com/' rel='nofollow'>WordPress.com</a>","Ajeet Sharma Appointed Congress Legislative Party Leader In Bihar https://t.co/BUjaAs0IST",,,0,"1327315622414442497"
11/13/20 11:48 PM,"Times of News","1045994888909606912",,"-1","en","<a href='http://publicize.wp.com/' rel='nofollow'>WordPress.com</a>","Ajeet Sharma Appointed Congress Legislative Party Leader In Bihar https://t.co/1oKKpTN7SM",,,0,"1327314868865732609"
11/13/20 11:43 PM,"IndiaToday","19897138",,"-1","en","<a href='https://mobile.twitter.com' rel='nofollow'>Twitter Web App</a>","The DMK-Congress alliance has been seen as a strong front | @Akshayanath 

#TamilNadu #TN #TNPolls #India #Politics 

https://t.co/I6ghRhZTeG",,,4,"1327313592916471808"
11/13/20 11:36 PM,"sunilsana","806712576859983873","docsyedinc","1296330262414938114","en","<a href='https://mobile.twitter.com' rel='nofollow'>Twitter Web App</a>","@docsyedinc Rahul, priyanka must focus to strengthen organization in up, bihar, MP, Rajasthan, Bengal.
They should forget any other responsibility.
They only can perform this task no one else.
Congress will revive automatically if they can do it??",,,0,"1327311964364623872"
11/13/20 11:35 PM,"Aatish","1132679720187752448",,"-1","en","<a href='http://twitter.com/download/android' rel='nofollow'>Twitter for Android</a>","Bihar Congress party office https://t.co/eRfD53y2XA",,,0,"1327311560734228480"
11/13/20 11:31 PM,"Rajnish Singh","842999599644229632",,"-1","en","<a href='http://twitter.com/download/android' rel='nofollow'>Twitter for Android</a>","Bihar election and Barack Obama quote on Rahul Gandhi both suggests Major reforms in Congress party ! Other wise they don't stand chance in opposition ?",,,0,"1327310592441368576"
11/13/20 11:31 PM,"NDTV News feed","96900937",,"-1","en","<a href='https://www.ndtv.com' rel='nofollow'>NDTVfeed</a>","Ajeet Sharma Appointed Congress Legislative Party Leader In Bihar https://t.co/Qixk5PQsLi https://t.co/pz8KHhxlBk",,,0,"1327310526507053057"
11/13/20 11:28 PM,"Aman","1281228810180890624","saffron_yoda","1250505847026794496","en","<a href='https://mobile.twitter.com' rel='nofollow'>Twitter Web App</a>","@saffron_yoda @Being_Humor Moron, modi didn't banned Diwali! 
Gujrat, MP, Haryana, bihar, Karnataka, etc. Tell me a single state under BJP to do so except for some 10 district of UP. 
You people deserve Congress and narrative of Hindu terrorism.",,,0,"1327309864016564225"
11/13/20 11:28 PM,"AtheisticScorpio","1158514007013281792","officialprequel","3305866820","en","<a href='https://mobile.twitter.com' rel='nofollow'>Twitter Web App</a>","@officialprequel @VidyaKrishnan Optics are important though no. Lallu and son and Pappu and mom maha ghatbandhan is scary af? I bet based on that info alone ppl voted for the other side. And lets not pretend they wanted Nitish back in bihar. Maybe now Congress will learn and put up a new charismatic candidate.",,,0,"1327309856194301952"
11/13/20 11:28 PM,"Nanda Lal Upadhyay","1262654836874645510",,"-1","en","<a href='https://mobile.twitter.com' rel='nofollow'>Twitter Web App</a>","How Congress Lost Bihar (and a whole lot more under Rahul) | The Deshbha... https://t.co/14eyUhQBrQ via @YouTube",,,0,"1327309780201787392"
11/13/20 11:20 PM,"Hindustan Times","36327407",,"-1","en","<a href='https://studio.twitter.com' rel='nofollow'>Twitter Media Studio</a>","#WATCH | Bihar Congress legislature Party (CLP) meeting on Friday witnessed ruckus as supporters of two MLAs resorted to pushing and shoving over the choice of the new leader. https://t.co/pC2X2D6z1l",,,2,"1327307850239021056"
11/13/20 11:20 PM,"scroll.in","414946220",,"-1","en","<a href='https://about.twitter.com/products/tweetdeck' rel='nofollow'>TweetDeck</a>","The national party continues to punch below its weight in alliances with regional parties. https://t.co/MzjzQ2BlcZ 

#BiharResults",,,1,"1327307740876664832"
11/13/20 11:14 PM,"Bharat_Mata_Ki_Jai","1314677023906754560",,"-1","en","<a href='http://twitter.com/download/android' rel='nofollow'>Twitter for Android</a>","Lesson From Eastern Bihar:  Congress ‘Secularism’ Can Only Give Rise To Jinnah Clones Like Owaisi https://t.co/ViynVb7yQz via @swarajyamag",,,0,"1327306314284875777"
11/13/20 11:14 PM,"Vivek Yadav","1360196413",,"-1","en","<a href='http://twitter.com/download/android' rel='nofollow'>Twitter for Android</a>","BJP is the advanced version of Congress you know what happened in 1984  National parliamentary election ?
exactly repeat in Bihar  now",,,1,"1327306286141038594"
11/13/20 11:08 PM,"theanonsolivagant","1243809102985179138","Chivas_Desi","954805504617758720","en","<a href='https://mobile.twitter.com' rel='nofollow'>Twitter Web App</a>","@Chivas_Desi @MehekF @Ssaniya_ For all the facile analysis, the point remains if Muslims voters didn't get split by MIM there would be a MGB government in Bihar. Muslims need it more than the Congress does. It's just a massive tactical mistake. I understand why Muslims chose Owaisi, but it's a mistake.",,,0,"1327304874166403072"
11/13/20 11:06 PM,"Arif Maghribi","125959682","priyashmita","39582702","en","<a href='https://mobile.twitter.com' rel='nofollow'>Twitter Web App</a>","@priyashmita Before Bihar elections were declared, Prince Rahul was planning vacation in some palace in Rajasthan.
When was last time ,elections were held within party?
Sonia, Rahul, Priyanka are there but congress party is scattered and loosing relevance day by day. 
Congress should answer",,,0,"1327304288381505536"
11/13/20 11:01 PM,"LatestLY","828841083257778176",,"-1","en","<a href='https://mobile.twitter.com' rel='nofollow'>Twitter Web App</a>","#AjitSharma Appointed Leader of #Congress Legislature Party in #Bihar 
@INCIndia @RahulGandhi 
https://t.co/7ErvpGcqwr",,,0,"1327303055440711683"
11/13/20 10:53 PM,"Raghav 'Educate, Agitate, Organize'","1300536150008815616","RJDforIndia","2789509362","en","<a href='https://mobile.twitter.com' rel='nofollow'>Twitter Web App</a>","@RJDforIndia 
@yadavtejashwi 
@sardesairajdeep 
@Niknandy 
@INCIndia 
@UNHumanRights 
@_sabanaqvi 
@sagarikaghose 
@BBCWorld 
@BJP4India 
@NitishKumar 
That is why we dalits and atipchda did not vote for RJD and Congress and communist.
https://t.co/pJ1DSCdWhA",,,0,"1327301037338738688"
11/13/20 10:48 PM,"Y.S gurjar","951657149083480064","vinitbhati744","884707597651202050","en","<a href='http://twitter.com/download/iphone' rel='nofollow'>Twitter for iPhone</a>","@vinitbhati744 Why only Bihar please ask in @Mp ask in @UP ask in other state where @INCIndia jamanat japt H? gayi haha why not @INCIndia recheck there DNA that this @RahulGandhi baba is Indian or somewhere else if EVM ask ur check DNA half of congress will be rohinga and xyz",,,2,"1327299761037144064"
11/13/20 10:42 PM,"Saffron Scientist","1348668900",,"-1","en","<a href='https://mobile.twitter.com' rel='nofollow'>Twitter Web App</a>","Bihar Elections 2020: Congress Fears Breaking Apart After Results | ABP ... https://t.co/85DMzuFbll via @YouTube",,,0,"1327298298756042753"
11/13/20 10:41 PM,"Saffron Scientist","1348668900",,"-1","en","<a href='https://mobile.twitter.com' rel='nofollow'>Twitter Web App</a>","Will Bihar congress's MLA join BJP ? Big offer by NDA leader https://t.co/D9eMuCgBzp via @YouTube",,,0,"1327298043314520064"
11/13/20 10:38 PM,"Girish Miglani","71821966","rupagulab","53294309","en","<a href='http://twitter.com/download/android' rel='nofollow'>Twitter for Android</a>","@rupagulab @RahulGandhi It's beyond me. Either side, neither does it add anything to the gutter level rhetoric nor does undermine his public image. All that should worry the Congress be only recent election results in Bihar and MP.",,,0,"1327297183301787650"
11/13/20 10:33 PM,"sreekumaran m nair","2714398122","meyilliate","2714398122","en","<a href='http://twitter.com/download/android' rel='nofollow'>Twitter for Android</a>","@trspartyonline @PandaJay @supriya_sule @kanimozhi @sagarikaghose Bihar election,Cong's litmus test by grouping  all like minded parties as Mahagadbhandan&projected a nonmetric youth, but spoiled it d Congress's survival, Lalu offsprings will make way somhw,hwever Commis gained.",,,0,"1327295993331662848"
11/13/20 10:32 PM,"IND News","1270624726981832704",,"-1","en","<a href='http://publicize.wp.com/' rel='nofollow'>WordPress.com</a>","Congress names Ajit Sharma as CLP leader in Bihar https://t.co/ReK9kESwjM",,,0,"1327295701856956416"
11/13/20 10:31 PM,"congressactionforceTN","1267134646485049344","congressaction1","1267134646485049344","en","<a href='http://twitter.com/download/android' rel='nofollow'>Twitter for Android</a>","@MKumaramangalam @SriramMadras @sumanthraman @INCIndia To harvest anti modi sentiment in TN you need Rahul Gandhi and Sonia Gandhi. TN is different from Bihar . In the last election it's because of local DMK leaders congress lost . Aranthangi , madurovoyal  are best examples",,,0,"1327295616922259456"
11/13/20 10:31 PM,"Shanmukh","2151830718","maidros78","2151830718","en","<a href='https://mobile.twitter.com' rel='nofollow'>Twitter Web App</a>","@sarkar_swati +of a few districts of central Bihar and are popular there.  See how they won.  OTOH, Tejaswi and Congress [is there even a leader in the Congress in Bihar anymore] were far more unimpressive.",,,0,"1327295476907999232"
11/13/20 10:30 PM,"Dipti Raman","1481817930",,"-1","en","<a href='https://mobile.twitter.com' rel='nofollow'>Twitter Web App</a>","BJP got 99 (15 less than last election) in 2017 Guj polls.

But no so called NEUTRAL journalist had the guts to say that Mr Modi's charisma was waning in his home state.

But the same 'IMPARTIAL' group is after Congress & leadership in case of Bihar.

Double Standard",,,0,"1327295342581145600"
11/13/20 10:20 PM,"Akash Anurag Jha","1138152077782278144",,"-1","en","<a href='https://mobile.twitter.com' rel='nofollow'>Twitter Web App</a>","Sad that the iconic Sadakat Ashram has to witness all this. If you were not already a joke, you're hell bent on proving it.

EVM Rona chor if @INCIndia gave more time to its own organization, they would not be the laughing stock they are today. #Bihar 

https://t.co/ea0acrM19z",,,0,"1327292700228403200"
11/13/20 10:16 PM,"India News","17217096",,"-1","en","<a href='http://www.dailyindia.com' rel='nofollow'>dailyindia</a>","About recounting in Bihar, Congress' Nasir Hussain asks NDA what are they afraid of?

Watch The Big Fight on NDTV 2… https://t.co/8en6qTdSXF (via @ndtv)",,,0,"1327291649781862400"
11/13/20 10:15 PM,"Economic Times","39743812",,"-1","en","<a href='https://about.twitter.com/products/tweetdeck' rel='nofollow'>TweetDeck</a>","In the Bihar assembly elections, Congress lost its deposits in Chainpur, Paroo, Nalanda and Harnaut seats.

https://t.co/Mh2EQzFYLy",,,4,"1327291383070257154"
11/13/20 10:12 PM,"Shanmukh","2151830718","sarkar_swati","1148102359","en","<a href='https://mobile.twitter.com' rel='nofollow'>Twitter Web App</a>","@sarkar_swati RJD-Congress had a golden chance in Bihar, given the number of negative factors against Modi.  That they failed is due to their own shortcomings.  The Congress will not come to power anywhere till they realise that it is the Hindu voter they need to woo. Modi should have a+",,,4,"1327290872803704837"
11/13/20 10:12 PM,"Nandagopal.K.M.","501439551",,"-1","en","<a href='http://twitter.com/download/android' rel='nofollow'>Twitter for Android</a>","Bihar assembly election result reignites dissent in Congress, questions raised about Gandhi family’s role.",,,2,"1327290862393442304"
11/13/20 10:11 PM,"????? ?? ?????? ?????? ??","46059213",,"-1","en","<a href='http://twitter.com/download/android' rel='nofollow'>Twitter for Android</a>","Last week's events in a nutshell.

?Bihar Elections lost due to Congress

?Arnab Goswami walked out of jail

?SC lashed out at the Maha Govt

?BJP won by-polls across the nation

?Sensex hits all-time high

A Big Burnol moment for India's lunatic-liberal lobby!",,,0,"1327290478350352386"
11/13/20 10:07 PM,"Rakesh jj","1322724899358601216",,"-1","en","<a href='https://mobile.twitter.com' rel='nofollow'>Twitter Web App</a>","Congress is a big failure in India, in Bihar election, they was like a local party, not a national party....now Muslims are not giving any chance to congress because they failed their Gazwa E Hind https://t.co/18ygT0PX0p",,,1,"1327289461051330562"
11/13/20 10:06 PM,"Aamir Abdullah ?","1323875074693193728",,"-1","en","<a href='http://twitter.com/download/android' rel='nofollow'>Twitter for Android</a>","This was in @ttindia. Check it out budy

https://t.co/2dP3QxEHL8 https://t.co/HB4gda9NlU https://t.co/WMXL6vh3xo",,,0,"1327289254150426625"
11/13/20 10:06 PM,"Christiane Telfer","1293592055147503616",,"-1","en","<a href='https://mobile.twitter.com' rel='nofollow'>Twitter Web App</a>","Union Minister Giriraj Singh has raised question over Congress' decision to field Maskoor Usmani from Darbhanga's Jale constituency for Bihar Assembly pol...",,,0,"1327289139478183936"
11/13/20 10:04 PM,"Rajan Kumar Seth","1301081197091590144","ndtv","37034483","en","<a href='http://twitter.com/download/android' rel='nofollow'>Twitter for Android</a>","@ndtv In Bihar Election, NDA is going to form the government after winning. The man of the match award goes to Congress and NDTV.",,,0,"1327288758022991872"
11/13/20 10:04 PM,"Samrat Roy ??","1032751933163880448","PChidambaram_IN","3097503906","en","<a href='http://twitter.com/download/android' rel='nofollow'>Twitter for Android</a>","@PChidambaram_IN So what message did you get after the election results sir?? They (the people of Bihar) have definitely sent you and congress a strong message! What do you want to say about it now??",,,0,"1327288623234830336"
11/13/20 10:00 PM,"Aamir Abdullah ?","1323875074693193728",,"-1","en","<a href='http://twitter.com/download/android' rel='nofollow'>Twitter for Android</a>","This was in @ttindia. 9 MLAs of @INCIndia are already in touch with NDA. And Congressi cheerleaders and @Pawankhera have galls to accuse @asadowaisi of acting as B-Team of BJP. 

https://t.co/2dP3QxEHL8 https://t.co/HB4gda9NlU https://t.co/dujzo8L7cp",,,0,"1327287853173248000"
11/13/20 9:55 PM,"JyOTHisH","128564203",,"-1","en","<a href='http://twitter.com/download/iphone' rel='nofollow'>Twitter for iPhone</a>","Congress have become a burden for all Regional parties. Starting from UP to Bihar, Next will be TN and DMK will lose heavily if they give 50% seats to congress
Started relationship with Goondaraj Shivsena has really impacted the reputation of Congress overall india #BiharResults",,,0,"1327286535784456193"
11/13/20 9:52 PM,"Josh9999","951434863390818305",,"-1","en","<a href='https://mobile.twitter.com' rel='nofollow'>Twitter Web App</a>","Congress such a sore loser that after bihar election they are complaining about EC
BJP lost Delhi
BJP lost Jharkhand
BJP didnt get requiredseats in Haryana
BJP got less seats in MP in 2018
BJP get lessseats in karnataka
they didntcomplain about EC
but congress complaining
verybad",,,0,"1327285709443530753"
11/13/20 9:47 PM,"LatestLY","828841083257778176","latestly","828841083257778176","en","<a href='https://mobile.twitter.com' rel='nofollow'>Twitter Web App</a>","Ajeet Sharma Appointed as Bihar Congress Legislative Party Leader #AjeetSharma #Congress #Bihar @INCBihar @bhupeshbaghel https://t.co/gEtVeyiJ7S",,,0,"1327284544039313408"
11/13/20 9:39 PM,"Chinmay R","344673308",,"-1","en","<a href='http://twitter.com/download/android' rel='nofollow'>Twitter for Android</a>","The Bihar Vidhan sabha elections proved the heft of RJD, with a strong performance delivered by Tejashwi and the utter decay of Congress influence across India, with yet another dismal show and being key reason behind the failure of the MGB grand alliance #CongressSinkingShip",,,0,"1327282397910507521"
11/13/20 9:35 PM,"CNN News18","6509832",,"-1","en","<a href='https://studio.twitter.com' rel='nofollow'>Twitter Media Studio</a>","#NewsAlert – Congress pulls down the MGB in Bihar.

Can Congress make a comeback?

@_pallavighosh brings you a report.

Join @SiddiquiMaha on #News18Debrief. https://t.co/VAD4qUUbpG",,,3,"1327281317159993346"
11/13/20 9:31 PM,"Marzook Urologist","1221115602372194306","mr_mayank","231134980","en","<a href='http://twitter.com/download/android' rel='nofollow'>Twitter for Android</a>","@mr_mayank @MukandRita How do you think we can unite?  Anti fascist forces are tactfully divided and made to repel each other. You can take a clue from Bihar results @ MIM and SDPI.The gainer is the Master planner. Accept that all this bang has been borne by Congress. Why don't they wake up? Revamp?",,,0,"1327280526588186624"
11/13/20 9:29 PM,"??ROMIOPAPA (?????)?","261244307",,"-1","en","<a href='http://twitter.com/download/android' rel='nofollow'>Twitter for Android</a>","And these leaders are saying to safe the ' Bihar' ,Democracy, as well as India?

Shame on you all Congress https://t.co/7aqiSRTb8Z",,,0,"1327279908481949698"
11/13/20 9:29 PM,"Savitri S","954272364849606662","sureshseshadri1","798092068811718656","en","<a href='http://twitter.com/download/android' rel='nofollow'>Twitter for Android</a>","@sureshseshadri1 @Murali76133156 @prasad_perla @sbk1963 @IndianRajeshNCo @Satishrathod100 @GenPanwar @OberoiZorawar @neerangautam @NetaNiyanta @ChowkidarChokra @ArunDeshpande20 @chowkidar_first @Anand11112293 @vvrameshkumar @tmmenon @Am_dilip1 @Visalmama @DrBosch3 @nair_hena @Diptang01274703 @desai_ujjwala @_ankahi @Priyakhi2 @chiefprp @Raviblr15 @PresiIndia1 @nilesh_pat @KSMANN @RASHMI32796008 @mayankpant22 @deepaknkhanna @RakeshA12572734 @shekhar261976 @Balbhad57312750 @bshariharan @bala2705 @Krishna15465023 @Rajendrap1078 @vka_raj @SuraiyaHasan8 @Bharatwashi1 @matreebhoomi @jaydewana21 @namonamo2050 @mkm4118 @romy1965 @nrajabpcl @republic @ArnabGoswamiRTV Tariq Anwar was critical of Congress performance in Bihar",,,1,"1327279896842825728"
11/13/20 9:25 PM,"?SaffronTelangana?","2419247690",,"-1","en","<a href='http://twitter.com/download/iphone' rel='nofollow'>Twitter for iPhone</a>","See the speed of Bihar congress mlas, Already 10 newly elected congress mlas ready to join NDA in Bihar . ???? https://t.co/IcKGkK691V",,,1,"1327279043398418432"
11/13/20 9:25 PM,"Pradeep Narayanamoorthy","292484657","hoorsheikh_fiza","2833118216","en","<a href='http://twitter.com/download/android' rel='nofollow'>Twitter for Android</a>","@hoorsheikh_fiza @SpiritOfCongres Did I mention any wer magic ? Yes we are aware it was .03% difference in bihar election! Who pulled the alliance down? Its Congress!! All hard work of rjd and left have been squandered by congress !! In my state it happened in 2016 , dmk lost due to more seats for Congress",,,0,"1327278846496804864"
11/13/20 9:22 PM,"Trinayan Rath","952073702610386949","RahulGandhi","3171712086","en","<a href='http://twitter.com/download/iphone' rel='nofollow'>Twitter for iPhone</a>","@RahulGandhi Rightly told by Mr Sura Rout Ray , one cong. MLA From Odisha that in Bihar congress is responsible for the loss of power. Without organisation cong. fought in 70 seats. And the result is well known. Rahul ji change your team.",,,0,"1327278122903818246"
11/13/20 9:22 PM,"Mohamed Siddique","54269513","MKumaramangalam","13015662","en","<a href='http://twitter.com/download/android' rel='nofollow'>Twitter for Android</a>","@MKumaramangalam @SriramMadras @sumanthraman @INCIndia Honestly sir.. Congress has an incredibly poor Stike Rate.. Anything above 25 is a waste.. That's th Max congress shd be given. Surely pls do work on strengthening your Organisation.. Increase visibility and hope to grow like BJP did in Punjab Or Bihar..",,,0,"1327278067698466816"
11/13/20 9:21 PM,"Prakash pathak","939548508222316544","PMLUCKNOW","120708923","en","<a href='http://twitter.com/download/android' rel='nofollow'>Twitter for Android</a>","@PMLUCKNOW Yes recounting should be done in all seats won by congress,rjd ,and left.bihar has voted for 150 seats to NDA",,,0,"1327278032093028354"
11/13/20 9:21 PM,"AarAar","304161153","rupagulab","53294309","en","<a href='http://twitter.com/download/iphone' rel='nofollow'>Twitter for iPhone</a>","@rupagulab Here also Owaisi is going to stop Congress....lol

Neither RJD in Bihar nor Trinamool in WB ...",,,0,"1327277932079968256"
11/13/20 9:20 PM,"CNN News18","6509832",,"-1","en","<a href='https://www.twitter.com/' rel='nofollow'>Twitter Media Studio - LiveCut</a>","#NewsAlert – After Bihar Flop Show

Barack Obama’s bomb for Rahul Gandhi.

Congress pulls down the MGB in Bihar.

Can Congress make a comeback?

Join @AnushaSoni23 on #BrassTacks. https://t.co/5tRLIdY7WK",,,1,"1327277709353910274"
11/13/20 9:16 PM,"??????? ?????","101701599","INCIndia","1153045459","en","<a href='http://twitter.com/download/android' rel='nofollow'>Twitter for Android</a>","@INCIndia trying 2 dominate Left-Congress understanding in Bengal. Congress got 70 seats in Bihar and won only 19. INC big brother attitude should not b accepted. Any subservience to Congress is going 2 b suicidal for Left in Bengal. @Dipankar_cpiml @SitaramYechury @kanhaiyakumar",,,0,"1327276737537904642"
11/13/20 9:13 PM,"Muj World ???? ©","100222626","Simply_Mak_","1216396412205682688","en","<a href='https://mobile.twitter.com' rel='nofollow'>Twitter Web App</a>","@Simply_Mak_ @imMAK02 you forget to add that let make parties like Owaisi because when he entered Bihar it's not votes stolen of Congress but he makes sure that no Hindus will shift out of BJP.

Get trapped into religion politics.",,,0,"1327275995720785920"
11/13/20 9:13 PM,"??o?????? ??????????","983658447110574080","Faiz_INC","2830041998","en","<a href='http://twitter.com/download/android' rel='nofollow'>Twitter for Android</a>","@Faiz_INC @Taltos2020 @shahid_siddiqui @RahulGandhi @aimim_national @srivatsayb @abhi_mor1 @saraf_pankaj @SpiritOfCongres No one can say that until practically seen. Now that #AIMIM got space in bihar they will prove

And I quit #AIMIM if they also fail like all other parties

If #AIMIM cut muslim votes then what did #Congress do in its 50seats?Which is large? 20seats or 70seats?Who is vote cutter?",,,0,"1327275882914975744"
11/13/20 9:12 PM,"LatestLY","828841083257778176",,"-1","en","<a href='https://mobile.twitter.com' rel='nofollow'>Twitter Web App</a>","#Bihar Congress Legislature Party Asks Interim President #SoniaGandhi to Elect New Leader
@INCIndia @RahulGandhi 
https://t.co/PKclfgbyFW",,,0,"1327275698646441985"
11/13/20 9:12 PM,"@??_????_????????????","1274210592320942080",,"-1","en","<a href='http://twitter.com/download/android' rel='nofollow'>Twitter for Android</a>","?Poor selection of candidates
?Parachuting Leaders
?Sidelining state leadership
?Poor selection of seats
?Lack of Coordination with Partners

Tht ws the Leadership of @RahulGandhi  in Bihar, the #Star_Campaigner of @BJP4India 

No doubt dream of #Congress_Mukt_Bharat is near https://t.co/BvWwH4L10n",,,1,"1327275606401191941"
11/13/20 9:07 PM,"Vijayaraghavan","732591206715129856","BDUTT","19929890","en","<a href='http://twitter.com/download/iphone' rel='nofollow'>Twitter for iPhone</a>","@BDUTT @DILIPtheCHERIAN @themojo_in MGB and Congress lost massively in Bihar despite 24/7 PR Work by Media Agents Barkha!",,,0,"1327274269500272640"
11/13/20 9:04 PM,"Shan","207457008",,"-1","en","<a href='http://twitter.com/download/android' rel='nofollow'>Twitter for Android</a>","Why fight...

Fistfight breaks out during Congress legislative meeting in Patna to discuss Bihar loss https://t.co/XelJ99bQYj via @indiatoday",,,0,"1327273540781973505"
11/13/20 9:03 PM,"ANI","355989081",,"-1","en","<a href='https://mobile.twitter.com' rel='nofollow'>Twitter Web App</a>","Ajeet Sharma has been appointed as Bihar Congress Legislative Party (CLP) leader: Chhattisgarh CM and Congress leader Bhupesh Baghel #BiharElections https://t.co/92OSj55hlw https://t.co/1ocl5uzKK6",,,6,"1327273441980936194"
11/13/20 9:02 PM,"hemant","1322217363916218369",,"-1","en","<a href='http://twitter.com/download/iphone' rel='nofollow'>Twitter for iPhone</a>","Lesson From Eastern Bihar:  Congress ‘Secularism’ Can Only Give Rise To Jinnah Clones Like Owaisi https://t.co/W8HfxEUWBI via @swarajyamag. Why tolerate this person and his nuisance any more . He has crossed all limits and speak against the Hindus and polarizing the minority and",,,0,"1327273198765805568"
11/13/20 9:01 PM,"Eagle Eye","141901567",,"-1","en","<a href='http://twitter.com/download/iphone' rel='nofollow'>Twitter for iPhone</a>","There was a ruckus at Congress party office during a meeting in Bihar. Congress seems to be getting itself entangled into another type of controversy post its major sink with the Mahagatbandhan. Congress leaders have allegedly been calling each other names & exchanging blows. https://t.co/Cc3YLVpW2j",,,11,"1327272908423499776"
11/13/20 8:53 PM,"Mahatma Gandhi Sena( ?? ?? ????? ???????)","112691744","rahulkanwal","75509967","en","<a href='http://twitter.com/download/android' rel='nofollow'>Twitter for Android</a>","@rahulkanwal In UP Bihar congress lost his hold not only since 2014 but from 1990 , congress has to concentrate on these two states.
In UP, Bihar people vote emotionally rather than other states where people choose alternate party every time",,,0,"1327270802639650816"
11/11/20 12:29 AM,"Rajeev Mishra","847525565112492035",,"-1","en","<a href='https://mobile.twitter.com' rel='nofollow'>Twitter Web App</a>","Congratulations @INCIndia (CONGRESS) for becoming the fourth largest party in Bihar! ??

All credit goes to the one & only @RahulGandhi ji for this achievement. ?

#BiharResults 
#BiharElectionResults2020 
#Bihar",,,0,"1326237956189777920"
11/11/20 12:28 AM,"Rajnish Sharma ??","2224601112",,"-1","en","<a href='http://twitter.com/download/android' rel='nofollow'>Twitter for Android</a>","Breaking News :

NOTA defeats #Shivsena in #Bihar

NOTA defeats #Congress in #Manipur

Congress lost even its deposits in India. 

In dono parties ko doob marna chahiye.

Even #Kejriwal does better than them.

Chi chi, laanat Hai iss in logon ki #Maharashtra ki #MVA govt par.",,,6,"1326237879828320256"
11/11/20 12:26 AM,"Pseudo-Seculars ka ?????? ????","1324174682480799744",,"-1","en","<a href='http://twitter.com/download/android' rel='nofollow'>Twitter for Android</a>","Owaisi, who stands for secularism has a party dedicated to Muslims. BJP is accused for being communal, so what is AIMIM?
But yes, AIMIM has the right to contest an election anywhere across the country. Congress & RJD k baap ka nahi hai Bihar.",,,0,"1326237431356551168"
11/11/20 12:26 AM,"Aatmanirbhar Bhaijaan?","1274436627146829825",,"-1","en","<a href='http://twitter.com/download/android' rel='nofollow'>Twitter for Android</a>","Feeling sad for Tejaswi Yadav.

Everyone almost wrote him off 2 months back. But he fought the elections bravely on his own.

Congress' poor performance and intent pulled him down.

Still he is 31 and under him RJD twice has emerged as largest party of Bihar.

#BiharResults",,,3,"1326237419805372416"
11/11/20 12:26 AM,"Aunindyo Chakravarty","842306582973190145",,"-1","en","<a href='https://mobile.twitter.com' rel='nofollow'>Twitter Web App</a>","Congress is no force in Bihar. I agree entirely.

Something that has 'no force' cannot drag you down. https://t.co/iH9dg0o2Ib",,,7,"1326237383273017344"
11/11/20 12:25 AM,"Sarwar Alam","1245435150491508737",,"-1","en","<a href='http://twitter.com/download/android' rel='nofollow'>Twitter for Android</a>","Thanks to @INC and @asadowaisi for Mahagathbandhan debacle in Bihar. @RahulGandhi must go on permanent sabbatical with Congress announcing its own dissolution/abolition. Muslims must reject Mr Owaisi outside Telangana. @yadavtejashwi Please be cautious in future from Congress.",,,0,"1326237158378663936"
11/11/20 12:25 AM,"Naushad Hozaifa","2297513036",,"-1","en","<a href='http://twitter.com/download/android' rel='nofollow'>Twitter for Android</a>","Asaduddin Owaisi is one of the hardest-working politicians in the country, and is now reaping the benefits of that. Ridiculous of the Congress to blame him for his Bihar wins.",,,0,"1326237145141452801"
11/11/20 12:25 AM,"SSR","1214933833528696832",,"-1","en","<a href='http://twitter.com/download/android' rel='nofollow'>Twitter for Android</a>","#BiharElectionResults2020 Congratulations to people of Bihar, @BJP4Bihar , @NitishKumar & @narendramodi for this tremendous victory. Brand NaMo leads the way for NDA yet again. Rahul Gandhi's Congress worst performer. Great fight from Tejaswi as well. 

#BiharElectionResults2020 https://t.co/UJHuqRDKn0",,,1,"1326237055072956416"
11/11/20 12:25 AM,"??? ??? ???? ???","1260105501460791297","SevadalDD","1098529377246212096","en","<a href='http://twitter.com/download/android' rel='nofollow'>Twitter for Android</a>","@SevadalDD Ha be love day 4 crore voters tere kaan me bolke gaye the ki wo congress ki government chahte hai bihar me",,,0,"1326237008407093248"
11/11/20 12:23 AM,"Raghav 'Educate, Agitate, Organize'","1300536150008815616","RahulGandhi","3171712086","en","<a href='https://mobile.twitter.com' rel='nofollow'>Twitter Web App</a>","@RahulGandhi 
@priyankagandhi 
@INCIndia 
@IndiaToday 
@ashutosh83B 
@sardesairajdeep 
@_sabanaqvi 
Giving Congress 70 seats was death nail to RJD. sala Congress panauti hai. Rahul Rally ensured NDA win if Rahul would have not companied in Bihar RJD would have won. Death to Cong",,,0,"1326236668580356096"
11/11/20 12:23 AM,"Reddy256789","1036406590218424321","Geetha_Happy","1081554707733196800","en","<a href='http://twitter.com/#!/download/ipad' rel='nofollow'>Twitter for iPad</a>","@Geetha_Happy @unexpected5678 @unexpected5678 Gracious. Very rare from a TDP supporter. @Geeta_Happy Congress under performed in Bihar. They put so much pressure on Tejaswi to cede 70 seats. That damaged MGB.  They always take more seats and under perform. In TamilN, they contested 55 seats and won 7",,,0,"1326236504000262145"
11/11/20 12:23 AM,"Beyondust Studio","1105148247193006080","INCIndia","1153045459","en","<a href='http://twitter.com/download/android' rel='nofollow'>Twitter for Android</a>","@INCIndia is proved to be a B team of BJP in Bihar..!!

Even after anti Incumbency #JDU won 40+ seats but Congress could not crossed 25..!!

@RahulGandhi you should take over now if, to be president is in your to do later list. Now or Never.",,,1,"1326236456285741056"
11/11/20 12:23 AM,"its me keeri","1240630222996664320","news7tamil","2691975211","en","<a href='http://twitter.com/download/android' rel='nofollow'>Twitter for Android</a>","@news7tamil B-TEAM OF BJP ???

#BiharElectionResults2020
#AIMIM
#BJP
#AsaduddinOwaisi
#Congress
#MumbaiIndians 
#IPLfinal 
#IPL2020final 
#RohitSharma 
#Bihar 
Owaisi https://t.co/sy8JYyuoSp????",,,0,"1326236447981056000"
11/11/20 12:22 AM,"leopam","1299987696580849664",,"-1","en","<a href='http://twitter.com/download/iphone' rel='nofollow'>Twitter for iPhone</a>","Some days you win,some days you lose ,congress and co has won 6 out of the last 8 state elections. Hope BJP will finally work for the unity and Development of Bihar. #BiharResults #BiharWinByFadnavis",,,0,"1326236206120767488"
11/11/20 12:21 AM,"Save Democracy","471704093",,"-1","en","<a href='http://twitter.com/download/android' rel='nofollow'>Twitter for Android</a>","I am happy that #MumbaiIndians win IPL. 
I am sad that #NDA leading #BiharPolls #Bihar .I think it's time where all opposition party unite and should think about countering Modi image.if not it will be very difficult for them.
#IPL2020 
#BiharElectionResults2020 
#RJD #Congress",,,0,"1326236143331930112"
11/11/20 12:21 AM,"?","796282692027482112","shuklapinku","487538020","en","<a href='http://twitter.com/download/android' rel='nofollow'>Twitter for Android</a>","@shuklapinku Bihar election:

Congress leader & NDTV's Ravish Kumar's brother rapist Brajesh Kumar Pandey lost the election from Govindganj.",,,0,"1326236023920078848"
11/11/20 12:21 AM,"mamta painuly kale","2217408934",,"-1","en","<a href='http://twitter.com/download/android' rel='nofollow'>Twitter for Android</a>","Trends show shiv sena performance ws worst then NOTA in Bihar election & so called National party congress got JUST 19 seats ?.. Jai Ho. #BiharResults #IndiaWithArnab #SushantSingRajput .",,,216,"1326236001774137344"
11/11/20 12:20 AM,"Suresh Dutta @","1242867248206958592","SureshD66420866","1242867248206958592","en","<a href='http://twitter.com/download/android' rel='nofollow'>Twitter for Android</a>","@imchoudhary18 Papu failed again. NDA bounced back in Bihar. Congress party can be revived if they choose to be nationalist party as it were pre Independence.",,,0,"1326235738602532864"
11/11/20 12:19 AM,"Observer","1120927927946711040","drapr007","1249686141931929602","en","<a href='https://mobile.twitter.com' rel='nofollow'>Twitter Web App</a>","@drapr007 Now BJP needs to enter LJP in alliance. Break Congress MLAs. 

Get stable government in Bihar. Manjhi and VIP not trustable.",,,0,"1326235530166722563"
11/11/20 12:19 AM,"ShriMan??","919997076758392832",,"-1","en","<a href='https://mobile.twitter.com' rel='nofollow'>Twitter Web App</a>","If we consider this, as #Congress lost the trust of #Muslim voters because aligning with #ShivSena, so #Shivsena will also suffer the same from #Hindu voters in upcoming elections.

#Maharashtra #mahavikasaghadi #NCP #Congress #sanjayRaut #DevendraFadnavis #BiharResults #Bihar https://t.co/yISkbvoo5E",,,0,"1326235505655238657"
11/11/20 12:19 AM,"its me keeri","1240630222996664320","RaviMishra2029","3153108966","en","<a href='http://twitter.com/download/android' rel='nofollow'>Twitter for Android</a>","@RaviMishra2029 B-TEAM OF BJP ???

#BiharElectionResults2020
#AIMIM
#BJP
#AsaduddinOwaisi
#Congress
#MumbaiIndians 
#IPLfinal 
#IPL2020final 
#RohitSharma 
#Bihar 
Owaisi https://t.co/sy8JYyuoSp????",,,0,"1326235457273823232"
11/11/20 12:19 AM,"gaurav","143711868","pradeepmagazine","2508806662","en","<a href='http://twitter.com/download/android' rel='nofollow'>Twitter for Android</a>","@pradeepmagazine Bihar results shows that AAP is on the right track of going alone against both bjp and congress",,,0,"1326235442027507712"
11/11/20 12:18 AM,"Anti-Checulars","122577781","rahul_cool01","122577781","en","<a href='http://twitter.com/download/android' rel='nofollow'>Twitter for Android</a>","@sandythapar Brigadier saab,  kuch to research kar liya karo sir...

https://t.co/NGyno9nveF

Let me give you a fact. All seats in bihar where @RahulGandhi campaigned,  your favourite party Congress lost.",,,0,"1326235401808343045"
11/11/20 12:18 AM,"Vipul","173791234",,"-1","en","<a href='http://twitter.com/download/android' rel='nofollow'>Twitter for Android</a>","Communist getting oxygen through Congress..

First in Tamil Nadu through DMK Congress during loksabha
 
Now in Bihar through RJD -CONGRESS

In Bengal,  alliance of Communist-CONGRESS has been finalized

Not good for Indian Politics

 #BiharResults",,,1,"1326235268983132160"
11/11/20 12:18 AM,"Anil Pillai","1367805068","minicnair","95875560","en","<a href='http://twitter.com/download/iphone' rel='nofollow'>Twitter for iPhone</a>","@minicnair Comrades have gone home... all migrant issues, bjp ‘s COVID handling has been answered by Bihar... congress have single handedly destroyed RJD ?????",,,0,"1326235240440893440"
11/11/20 12:18 AM,"Priyanka_Official","1277971619596517376",,"-1","en","<a href='http://twitter.com/download/android' rel='nofollow'>Twitter for Android</a>","#BiharElectionResults2020 Congratulations to people of Bihar, @BJP4Bihar , @NitishKumar & @narendramodi for this tremendous victory. Brand NaMo leads the way for NDA yet again. Rahul Gandhi's Congress worst performer. Great fight from Tejaswi as well. https://t.co/yBcckn7iXn",,,0,"1326235183977263104"
11/11/20 12:17 AM,"Deepak Kumar Vasudevan","1085864385547923456",,"-1","en","<a href='https://about.twitter.com/products/tweetdeck' rel='nofollow'>TweetDeck</a>","Who in #Bihar still voted for #Congress ? It would have been appreciated to see 0% votes for @INCIndia making a humble small and first step towards #CongressMukTBharat",,,0,"1326235134798880769"
11/11/20 12:16 AM,"Benjamin Yepthomi","1017828177631039488","smritiirani","130104041","en","<a href='http://twitter.com/download/iphone' rel='nofollow'>Twitter for iPhone</a>","@smritiirani @bandisanjay_bjp @RaghunandanraoM @BJP4Telangana Congratulations to you as well Madam @smritiirani ji. Your campaign in #Bihar specially proved to be a time bomb & a disaster for the #Congress party & #RJD. God bless you more. ??
#JaiHind",,,1,"1326234857144377344"
11/11/20 12:16 AM,"Himanshu Srivastava","1247463936494010369","AmitShah","1447949844","en","<a href='http://twitter.com/download/iphone' rel='nofollow'>Twitter for iPhone</a>","@AmitShah We don’t need your tweets on Bihar
Pls come up from dirty politics and do something good for Arnab else no difference b/w you and congress
@majorgauravarya pls reach out to traders to organise a “Band” that’s the only language BJP understand
#ArnabLifeUnderThreat #sameetthakkar",,,0,"1326234785438707712"
11/11/20 12:16 AM,"Donaldendra Trumpodi","2985803415",,"-1","en","<a href='http://twitter.com/download/android' rel='nofollow'>Twitter for Android</a>","Congress is the alternative but they have to up their game. Nobody knew about state leaders of congress in Bihar.",,,0,"1326234780225085442"
11/11/20 12:16 AM,"Ram Hari Barik","1004555899279585280",,"-1","en","<a href='http://twitter.com/download/android' rel='nofollow'>Twitter for Android</a>","Bihar Election Results 2020 Live Updates: Close Fight Between BJP, RJD For Single-Largest Party Status - NDTV https://t.co/NvAXb48OxD",,,0,"1326234704324947969"
11/11/20 12:16 AM,"????? ??????","851826718323032064",,"-1","en","<a href='http://twitter.com/download/android' rel='nofollow'>Twitter for Android</a>","Bihar election:

Congress leader & NDTV's Ravish Kumar's brother Brajesh Kumar Pandey lost the election from Govindganj.",,,0,"1326234690043355137"
11/11/20 12:15 AM,"its me keeri","1240630222996664320","susrisu","25801249","en","<a href='http://twitter.com/download/android' rel='nofollow'>Twitter for Android</a>","@susrisu B-TEAM OF BJP ???

#BiharElectionResults2020
#AIMIM
#BJP
#AsaduddinOwaisi
#Congress
#MumbaiIndians 
#IPLfinal 
#IPL2020final 
#RohitSharma 
#Bihar 
Owaisi https://t.co/sy8JYyuoSp????",,,0,"1326234620745011200"
11/11/20 12:15 AM,"its me keeri","1240630222996664320","susrisu","25801249","en","<a href='http://twitter.com/download/android' rel='nofollow'>Twitter for Android</a>","@susrisu B-TEAM OF BJP ???

#BiharElectionResults2020
#AIMIM
#BJP
#AsaduddinOwaisi
#Congress
#MumbaiIndians 
#IPLfinal 
#IPL2020final 
#RohitSharma 
#Bihar 
Owaisi https://t.co/sy8JYyuoSp????",,,0,"1326234489681448962"
11/11/20 12:15 AM,"harender sisodiya","769940514330345472",,"-1","en","<a href='http://twitter.com/download/android' rel='nofollow'>Twitter for Android</a>","How parties performed in Bihar

BJP:
2015- 53/157 = 33%
2020- 74/110= 67%

RJD:
2015: 80/101= 80%
2020: 73/144= 50.6%

JDU:
2015: 71/101= 71%
2020: 45/115= 39%

Congress:
2015: 27/41= 67%
2020: 20/70= 28%

Only major party that has performed better this election is BJP.",,,0,"1326234447436414976"
11/11/20 12:14 AM,"Politician of India","794901500266881024",,"-1","en","<a href='http://twitter.com/download/iphone' rel='nofollow'>Twitter for iPhone</a>","#BiharElections: Results declared for 203 seats out of the total 243. 

NDA wins 102 seats (BJP 60, JDU 34, VIP 4, HAM 4)

Mahagathbandhan wins 93 seats (RJD 64, Congress 16, Left 13)

AIMIM wins 5, BSP wins 1, & Independent wins 1 #BiharElectionResults2020 #BiharResults #Bihar https://t.co/ABPNrxQt3I",,,1,"1326234393229189122"
11/11/20 12:13 AM,"Dr. Shadman Hassan","174746509",,"-1","en","<a href='http://twitter.com/download/android' rel='nofollow'>Twitter for Android</a>","We hope & request the new Government of Bihar to let us do our work for the good of Bihar. 

We will mesmerise you Bihar.

Expect community to listen to the traditions & will in the Holy book.

I am your brother too, defeat fitnah, join my Swadeshi Congress Party. #Bengal #UP https://t.co/M2u3cixsvo",,,0,"1326234139138220032"
11/11/20 12:13 AM,"its me keeri","1240630222996664320","TimesNow","240649814","en","<a href='http://twitter.com/download/android' rel='nofollow'>Twitter for Android</a>","@TimesNow @narendramodi B-TEAM OF BJP ???

#BiharElectionResults2020
#AIMIM
#BJP
#AsaduddinOwaisi
#Congress
#MumbaiIndians 
#IPLfinal 
#IPL2020final 
#RohitSharma 
#Bihar 
Owaisi https://t.co/sy8JYyuoSp????",,,0,"1326233936666615808"
11/11/20 12:12 AM,"Avinash P.","129726639","ndtv","37034483","en","<a href='http://twitter.com/download/iphone' rel='nofollow'>Twitter for iPhone</a>","@ndtv @Rameshkedia2 @PrannoyRoyNDTV I disagree. Either way NDA would have formed the government in Bihar. (1) By Simple Majority (2) Amit Shah buys Congress MLA’s ??",,,0,"1326233907180822528"
11/11/20 12:12 AM,"its me keeri","1240630222996664320","TimesNow","240649814","en","<a href='http://twitter.com/download/android' rel='nofollow'>Twitter for Android</a>","@TimesNow @narendramodi B-TEAM OF BJP ???

#BiharElectionResults2020
#AIMIM
#BJP
#AsaduddinOwaisi
#Congress
#MumbaiIndians 
#IPLfinal 
#IPL2020final 
#RohitSharma 
#Bihar 
Owaisi https://t.co/sy8JYyuoSp????",,,0,"1326233846837211137"
11/11/20 12:12 AM,"Srivatsa","3109354508","ANI","355989081","en","<a href='http://twitter.com/download/android' rel='nofollow'>Twitter for Android</a>","@ANI Rjd+ congress will come in Bihar 
Remaining seats for them 
Even owaisi will give support 
By bye bjp",,,0,"1326233733066678272"
11/11/20 12:11 AM,"@sharavan7065269","1256114089442422784",,"-1","en","<a href='http://twitter.com/download/android' rel='nofollow'>Twitter for Android</a>","Cngrts Congress as they got only 19 seat out of 70 in Bihar Congress itself responsible for it's loss as it's ideology is anti modi and anti Bharat and if same things happen one day he got only zero seat and it's party is destroy from india",,,0,"1326233594696769536"
11/11/20 12:11 AM,"its me keeri","1240630222996664320","TimesNow","240649814","en","<a href='http://twitter.com/download/android' rel='nofollow'>Twitter for Android</a>","@TimesNow @ChitranjanGaga1 B-TEAM OF BJP ???

#BiharElectionResults2020
#AIMIM
#BJP
#AsaduddinOwaisi
#Congress
#MumbaiIndians 
#IPLfinal 
#IPL2020final 
#RohitSharma 
#Bihar 
Owaisi https://t.co/sy8JYyuoSp????",,,0,"1326233587851538433"
11/11/20 12:11 AM,"its me keeri","1240630222996664320","TimesNow","240649814","en","<a href='http://twitter.com/download/android' rel='nofollow'>Twitter for Android</a>","@TimesNow B-TEAM OF BJP ???

#BiharElectionResults2020
#AIMIM
#BJP
#AsaduddinOwaisi
#Congress
#MumbaiIndians 
#IPLfinal 
#IPL2020final 
#RohitSharma 
#Bihar 
Owaisi https://t.co/sy8JYyuoSp????",,,0,"1326233410898075649"
11/11/20 12:10 AM,"Pratik Pandey","1317425835884781569","oddpandit","1317425835884781569","en","<a href='http://twitter.com/download/android' rel='nofollow'>Twitter for Android</a>","I have to talk about Congress performance. Before Elections, pundits were putting INC ahead of JDU. But INC as expected tanked in the results. Not only in Bihar but in UP and MP bypolls as well INC were extremely poor. This shows that Congress is slowly coming to its end",,,0,"1326233299929329664"
11/11/20 12:10 AM,"Parijat Sarker","2828497813",,"-1","en","<a href='https://mobile.twitter.com' rel='nofollow'>Twitter Web App</a>","#BiharElectionResults2020 Congratulations to people of Bihar, @BJP4Bihar , @NitishKumar & @narendramodi for this tremendous victory. Brand NaMo leads the way for NDA yet again. Rahul Gandhi's Congress worst performer. Great fight from Tejaswi as well.",,,0,"1326233253414572033"
11/11/20 12:08 AM,"its me keeri","1240630222996664320","ANI","355989081","en","<a href='http://twitter.com/download/android' rel='nofollow'>Twitter for Android</a>","@ANI B-TEAM OF BJP ???

#BiharElectionResults2020
#AIMIM
#BJP
#AsaduddinOwaisi
#Congress
#MumbaiIndians 
#IPLfinal 
#IPL2020final 
#RohitSharma 
#Bihar 
Owaisi https://t.co/sy8JYyuoSp????",,,0,"1326232888627453952"
11/11/20 12:08 AM,"its me keeri","1240630222996664320","ANI","355989081","en","<a href='http://twitter.com/download/android' rel='nofollow'>Twitter for Android</a>","@ANI B-TEAM OF BJP ???

#BiharElectionResults2020
#AIMIM
#BJP
#AsaduddinOwaisi
#Congress
#MumbaiIndians 
#IPLfinal 
#IPL2020final 
#RohitSharma 
#Bihar 
Owaisi https://t.co/sy8JYyuoSp????",,,0,"1326232809699078144"
11/11/20 12:08 AM,"Jooze","1241129981679263744","AgentSaffron","604354270","en","<a href='https://mobile.twitter.com' rel='nofollow'>Twitter Web App</a>","@AgentSaffron Sir can you please explain why does shivsena has a role in Bihar? when all they do is bhaiya thrashing. Or was it used by Congress to divert h votes?",,,0,"1326232686457970690"
11/11/20 12:07 AM,"its me keeri","1240630222996664320","thewire_in","3150940290","en","<a href='http://twitter.com/download/android' rel='nofollow'>Twitter for Android</a>","@thewire_in B-TEAM OF BJP ???

#BiharElectionResults2020
#AIMIM
#BJP
#AsaduddinOwaisi
#Congress
#MumbaiIndians 
#IPLfinal 
#IPL2020final 
#RohitSharma 
#Bihar 
Owaisi https://t.co/sy8JYyuoSp????",,,0,"1326232632561053697"
11/11/20 12:07 AM,"Prashant Patil ??????? ?????????","195084242","rajshekharTOI","39024923","en","<a href='http://twitter.com/download/android' rel='nofollow'>Twitter for Android</a>","@rajshekharTOI @dtytrivedi Sir, when Bihar Congress is going to split?",,,0,"1326232574151127040"
11/11/20 12:07 AM,"Imman","130442781",,"-1","en","<a href='http://twitter.com/download/iphone' rel='nofollow'>Twitter for iPhone</a>","Nailed it. Congress-Shiv Sena alliance had damaged the vote banks of both of them. #BiharResults #Bihar https://t.co/Y7MGn4l6wK",,,0,"1326232527221059584"
11/11/20 12:07 AM,"P. G. Agarwal","1021665404811456512","RoflGandhi0","1300970411350351872","en","<a href='http://twitter.com/download/android' rel='nofollow'>Twitter for Android</a>","@RoflGandhi0 @Halima_Sultan_ Rofi Gandhi : Not only Congress has lost heavily in Bihar Elections but also it has made RJD not to win elections. I had requested the Congress leaders not to send Rahul Gandhi to Bihar. CM Amirander Singh had told Sonia Gandhi not to send anyone to Punjab. CM won elections.",,,0,"1326232425622429696"
11/11/20 12:06 AM,"its me keeri","1240630222996664320","HPRCIndia","1057738029933068289","en","<a href='http://twitter.com/download/android' rel='nofollow'>Twitter for Android</a>","@HPRCIndia @imAkbarOwaisi @owaisi_of B-TEAM OF BJP ???

#BiharElectionResults2020
#AIMIM
#BJP
#AsaduddinOwaisi
#Congress
#MumbaiIndians 
#IPLfinal 
#IPL2020final 
#RohitSharma 
#Bihar 
Owaisi https://t.co/sy8JYyuoSp????",,,0,"1326232344773103616"
11/11/20 12:06 AM,"its me keeri","1240630222996664320","imAkbarOwaisi","4624209900","en","<a href='http://twitter.com/download/android' rel='nofollow'>Twitter for Android</a>","@imAkbarOwaisi B-TEAM OF BJP ???

#BiharElectionResults2020
#AIMIM
#BJP
#AsaduddinOwaisi
#Congress
#MumbaiIndians 
#IPLfinal 
#IPL2020final 
#RohitSharma 
#Bihar 
Owaisi https://t.co/sy8JYyuoSp????",,,0,"1326232187780300800"
11/11/20 12:05 AM,"H V R","1313520402",,"-1","en","<a href='http://twitter.com/download/android' rel='nofollow'>Twitter for Android</a>","After the #Bihar results. it’s Interesting 2 see how Congress has failed in the muslim dominated areas while the @BJP4India gained.
Maharashtra effect?
Goin with the confused Shiv Sena has damaged The traditional vote bank of the @INCIndia at the national level
time 2 Intorspect?",,,0,"1326232085174996992"
11/11/20 12:05 AM,"Shaunak Pai Kane ??","724200954879455232",,"-1","en","<a href='https://mobile.twitter.com' rel='nofollow'>Twitter Web App</a>","Key takeaways
1) BJP > JDU, BJP is no more a younger brother in Bihar
2) Mandate towards Congress-Mukt Bharat 
3) Modi wave persists
4) Bad decision by LJP to contest on it's own
5) NOT A HUGE MANDATE
6) HUGE INCREASE IN COMMUNIST MLA'S
7) AIMIM'S EXPANDING REACH

cc : @BJP4India",,,0,"1326232073896652801"
11/11/20 12:04 AM,"CK ?????","1009418038683131904","India_MH12","821427698220335106","en","<a href='https://mobile.twitter.com' rel='nofollow'>Twitter Web App</a>","@India_MH12 @viki_uniq Yes. That may be true. But how can Congress accommodate to that is the question. RJD provided Bihar with an economic vision on jobs which was fairly well communicated. Did people vote for that? No",,,0,"1326231872649658369"
11/11/20 12:04 AM,"unknown","1543400240","AshokShrivasta6","550377428","en","<a href='http://twitter.com/download/android' rel='nofollow'>Twitter for Android</a>","@AshokShrivasta6 Bihar election:

Congress leader & NDTV's Ravish Kumar's brother Brajesh Kumar Pandey lost the election from Govindganj.",,,1,"1326231836050120704"
11/11/20 12:04 AM,"$ilentKiller ?","1306679252612452357","narendramodi","18839785","en","<a href='https://mobile.twitter.com' rel='nofollow'>Twitter Web App</a>","@narendramodi @BJP4Bihar Because of Arnab Goswami BJP has won in Bihar. He raised voice and showed us the true color of Congress.  In return they should do something now to release Arnab!! ?",,,0,"1326231709856096258"
11/11/20 12:04 AM,"unknown","1543400240","beingarun28","3319971199","en","<a href='http://twitter.com/download/android' rel='nofollow'>Twitter for Android</a>","@beingarun28 Bihar election:

Congress leader & NDTV's Ravish Kumar's brother Brajesh Kumar Pandey lost the election from Govindganj.",,,1,"1326231688641347584"
11/11/20 12:02 AM,"Resistance.","1193829948504428545",,"-1","en","<a href='http://twitter.com/download/android' rel='nofollow'>Twitter for Android</a>","Big break-in :
Bihar congress k 9 MLA's Amit Shah k sampark mein.
Good night.
#BiharElectionResults2020",,,1,"1326231239934668800"
11/11/20 12:00 AM,"Deba_prasad","1238440150603980800","chetan4_U","53642612","en","<a href='https://mobile.twitter.com' rel='nofollow'>Twitter Web App</a>","@chetan4_U @INCIndia Not we rjd fought hard accept it Congress leaders have become lazy don't know about others but the recent Gandhis don't deserve congress now. Priyanka Gandhi vanished. Rahul Gandhi reached bihar in the ending days",,,0,"1326230788547833857"
